excluded_path,excluded_source,excluded_label,matched_path,matched_source,hamming_dist
/kaggle/input/datasets/arittrodhrubo/breast-lesion-main-dataset/BUSI Dataset/BUSI Dataset/Dataset_BUSI_with_GT/benign/benign (114).png,busi,benign,/kaggle/input/datasets/arittrodhrubo/breast-lesion-main-dataset/BUSI Dataset/BUSI Dataset/Dataset_BUSI_with_GT/benign/benign (108).png,busi,8
/kaggle/input/datasets/arittrodhrubo/breast-lesion-main-dataset/BUSI Dataset/BUSI Dataset/Dataset_BUSI_with_GT/benign/benign (119).png,busi,benign,/kaggle/input/datasets/arittrodhrubo/breast-lesion-main-dataset/BUSI Dataset/BUSI Dataset/Dataset_BUSI_with_GT/benign/benign (116).png,busi,6
/kaggle/input/datasets/arittrodhrubo/breast-lesion-main-dataset/BUSI Dataset/BUSI Dataset/Dataset_BUSI_with_GT/benign/benign (156).png,busi,benign,/kaggle/input/datasets/arittrodhrubo/breast-lesion-main-dataset/BUSI Dataset/BUSI Dataset/Dataset_BUSI_with_GT/benign/benign (105).png,busi,0
/kaggle/input/datasets/arittrodhrubo/breast-lesion-main-dataset/BUSI Dataset/BUSI Dataset/Dataset_BUSI_with_GT/benign/benign (157).png,busi,benign,/kaggle/input/datasets/arittrodhrubo/breast-lesion-main-dataset/BUSI Dataset/BUSI Dataset/Dataset_BUSI_with_GT/benign/benign (139).png,busi,0
/kaggle/input/datasets/arittrodhrubo/breast-lesion-main-dataset/BUSI Dataset/BUSI Dataset/Dataset_BUSI_with_GT/benign/benign (158).png,busi,benign,/kaggle/input/datasets/arittrodhrubo/breast-lesion-main-dataset/BUSI Dataset/BUSI Dataset/Dataset_BUSI_with_GT/benign/benign (110).png,busi,6
/kaggle/input/datasets/arittrodhrubo/breast-lesion-main-dataset/BUSI Dataset/BUSI Dataset/Dataset_BUSI_with_GT/benign/benign (16).png,busi,benign,/kaggle/input/datasets/arittrodhrubo/breast-lesion-main-dataset/BUSI Dataset/BUSI Dataset/Dataset_BUSI_with_GT/benign/benign (151).png,busi,2
/kaggle/input/datasets/arittrodhrubo/breast-lesion-main-dataset/BUSI Dataset/BUSI Dataset/Dataset_BUSI_with_GT/benign/benign (18).png,busi,benign,/kaggle/input/datasets/arittrodhrubo/breast-lesion-main-dataset/BUSI Dataset/BUSI Dataset/Dataset_BUSI_with_GT/benign/benign (152).png,busi,0
/kaggle/input/datasets/arittrodhrubo/breast-lesion-main-dataset/BUSI Dataset/BUSI Dataset/Dataset_BUSI_with_GT/benign/benign (19).png,busi,benign,/kaggle/input/datasets/arittrodhrubo/breast-lesion-main-dataset/BUSI Dataset/BUSI Dataset/Dataset_BUSI_with_GT/benign/benign (150).png,busi,2
/kaggle/input/datasets/arittrodhrubo/breast-lesion-main-dataset/BUSI Dataset/BUSI Dataset/Dataset_BUSI_with_GT/benign/benign (21).png,busi,benign,/kaggle/input/datasets/arittrodhrubo/breast-lesion-main-dataset/BUSI Dataset/BUSI Dataset/Dataset_BUSI_with_GT/benign/benign (154).png,busi,8
/kaggle/input/datasets/arittrodhrubo/breast-lesion-main-dataset/BUSI Dataset/BUSI Dataset/Dataset_BUSI_with_GT/benign/benign (246).png,busi,benign,/kaggle/input/datasets/arittrodhrubo/breast-lesion-main-dataset/BUSI Dataset/BUSI Dataset/Dataset_BUSI_with_GT/benign/benign (221).png,busi,6
/kaggle/input/datasets/arittrodhrubo/breast-lesion-main-dataset/BUSI Dataset/BUSI Dataset/Dataset_BUSI_with_GT/benign/benign (247).png,busi,benign,/kaggle/input/datasets/arittrodhrubo/breast-lesion-main-dataset/BUSI Dataset/BUSI Dataset/Dataset_BUSI_with_GT/benign/benign (236).png,busi,2
/kaggle/input/datasets/arittrodhrubo/breast-lesion-main-dataset/BUSI Dataset/BUSI Dataset/Dataset_BUSI_with_GT/benign/benign (248).png,busi,benign,/kaggle/input/datasets/arittrodhrubo/breast-lesion-main-dataset/BUSI Dataset/BUSI Dataset/Dataset_BUSI_with_GT/benign/benign (199).png,busi,4
/kaggle/input/datasets/arittrodhrubo/breast-lesion-main-dataset/BUSI Dataset/BUSI Dataset/Dataset_BUSI_with_GT/benign/benign (249).png,busi,benign,/kaggle/input/datasets/arittrodhrubo/breast-lesion-main-dataset/BUSI Dataset/BUSI Dataset/Dataset_BUSI_with_GT/benign/benign (204).png,busi,0
/kaggle/input/datasets/arittrodhrubo/breast-lesion-main-dataset/BUSI Dataset/BUSI Dataset/Dataset_BUSI_with_GT/benign/benign (25).png,busi,benign,/kaggle/input/datasets/arittrodhrubo/breast-lesion-main-dataset/BUSI Dataset/BUSI Dataset/Dataset_BUSI_with_GT/benign/benign (153).png,busi,4
/kaggle/input/datasets/arittrodhrubo/breast-lesion-main-dataset/BUSI Dataset/BUSI Dataset/Dataset_BUSI_with_GT/benign/benign (250).png,busi,benign,/kaggle/input/datasets/arittrodhrubo/breast-lesion-main-dataset/BUSI Dataset/BUSI Dataset/Dataset_BUSI_with_GT/benign/benign (227).png,busi,4
/kaggle/input/datasets/arittrodhrubo/breast-lesion-main-dataset/BUSI Dataset/BUSI Dataset/Dataset_BUSI_with_GT/benign/benign (251).png,busi,benign,/kaggle/input/datasets/arittrodhrubo/breast-lesion-main-dataset/BUSI Dataset/BUSI Dataset/Dataset_BUSI_with_GT/benign/benign (244).png,busi,2
/kaggle/input/datasets/arittrodhrubo/breast-lesion-main-dataset/BUSI Dataset/BUSI Dataset/Dataset_BUSI_with_GT/benign/benign (252).png,busi,benign,/kaggle/input/datasets/arittrodhrubo/breast-lesion-main-dataset/BUSI Dataset/BUSI Dataset/Dataset_BUSI_with_GT/benign/benign (230).png,busi,2
/kaggle/input/datasets/arittrodhrubo/breast-lesion-main-dataset/BUSI Dataset/BUSI Dataset/Dataset_BUSI_with_GT/benign/benign (253).png,busi,benign,/kaggle/input/datasets/arittrodhrubo/breast-lesion-main-dataset/BUSI Dataset/BUSI Dataset/Dataset_BUSI_with_GT/benign/benign (213).png,busi,4
/kaggle/input/datasets/arittrodhrubo/breast-lesion-main-dataset/BUSI Dataset/BUSI Dataset/Dataset_BUSI_with_GT/benign/benign (254).png,busi,benign,/kaggle/input/datasets/arittrodhrubo/breast-lesion-main-dataset/BUSI Dataset/BUSI Dataset/Dataset_BUSI_with_GT/benign/benign (211).png,busi,2
/kaggle/input/datasets/arittrodhrubo/breast-lesion-main-dataset/BUSI Dataset/BUSI Dataset/Dataset_BUSI_with_GT/benign/benign (255).png,busi,benign,/kaggle/input/datasets/arittrodhrubo/breast-lesion-main-dataset/BUSI Dataset/BUSI Dataset/Dataset_BUSI_with_GT/benign/benign (240).png,busi,4
/kaggle/input/datasets/arittrodhrubo/breast-lesion-main-dataset/BUSI Dataset/BUSI Dataset/Dataset_BUSI_with_GT/benign/benign (256).png,busi,benign,/kaggle/input/datasets/arittrodhrubo/breast-lesion-main-dataset/BUSI Dataset/BUSI Dataset/Dataset_BUSI_with_GT/benign/benign (207).png,busi,2
/kaggle/input/datasets/arittrodhrubo/breast-lesion-main-dataset/BUSI Dataset/BUSI Dataset/Dataset_BUSI_with_GT/benign/benign (257).png,busi,benign,/kaggle/input/datasets/arittrodhrubo/breast-lesion-main-dataset/BUSI Dataset/BUSI Dataset/Dataset_BUSI_with_GT/benign/benign (223).png,busi,2
/kaggle/input/datasets/arittrodhrubo/breast-lesion-main-dataset/BUSI Dataset/BUSI Dataset/Dataset_BUSI_with_GT/benign/benign (258).png,busi,benign,/kaggle/input/datasets/arittrodhrubo/breast-lesion-main-dataset/BUSI Dataset/BUSI Dataset/Dataset_BUSI_with_GT/benign/benign (239).png,busi,0
/kaggle/input/datasets/arittrodhrubo/breast-lesion-main-dataset/BUSI Dataset/BUSI Dataset/Dataset_BUSI_with_GT/benign/benign (259).png,busi,benign,/kaggle/input/datasets/arittrodhrubo/breast-lesion-main-dataset/BUSI Dataset/BUSI Dataset/Dataset_BUSI_with_GT/benign/benign (229).png,busi,2
/kaggle/input/datasets/arittrodhrubo/breast-lesion-main-dataset/BUSI Dataset/BUSI Dataset/Dataset_BUSI_with_GT/benign/benign (260).png,busi,benign,/kaggle/input/datasets/arittrodhrubo/breast-lesion-main-dataset/BUSI Dataset/BUSI Dataset/Dataset_BUSI_with_GT/benign/benign (214).png,busi,2
/kaggle/input/datasets/arittrodhrubo/breast-lesion-main-dataset/BUSI Dataset/BUSI Dataset/Dataset_BUSI_with_GT/benign/benign (261).png,busi,benign,/kaggle/input/datasets/arittrodhrubo/breast-lesion-main-dataset/BUSI Dataset/BUSI Dataset/Dataset_BUSI_with_GT/benign/benign (234).png,busi,0
/kaggle/input/datasets/arittrodhrubo/breast-lesion-main-dataset/BUSI Dataset/BUSI Dataset/Dataset_BUSI_with_GT/benign/benign (262).png,busi,benign,/kaggle/input/datasets/arittrodhrubo/breast-lesion-main-dataset/BUSI Dataset/BUSI Dataset/Dataset_BUSI_with_GT/benign/benign (205).png,busi,4
/kaggle/input/datasets/arittrodhrubo/breast-lesion-main-dataset/BUSI Dataset/BUSI Dataset/Dataset_BUSI_with_GT/benign/benign (263).png,busi,benign,/kaggle/input/datasets/arittrodhrubo/breast-lesion-main-dataset/BUSI Dataset/BUSI Dataset/Dataset_BUSI_with_GT/benign/benign (226).png,busi,0
/kaggle/input/datasets/arittrodhrubo/breast-lesion-main-dataset/BUSI Dataset/BUSI Dataset/Dataset_BUSI_with_GT/benign/benign (264).png,busi,benign,/kaggle/input/datasets/arittrodhrubo/breast-lesion-main-dataset/BUSI Dataset/BUSI Dataset/Dataset_BUSI_with_GT/benign/benign (237).png,busi,6
/kaggle/input/datasets/arittrodhrubo/breast-lesion-main-dataset/BUSI Dataset/BUSI Dataset/Dataset_BUSI_with_GT/benign/benign (265).png,busi,benign,/kaggle/input/datasets/arittrodhrubo/breast-lesion-main-dataset/BUSI Dataset/BUSI Dataset/Dataset_BUSI_with_GT/benign/benign (216).png,busi,0
/kaggle/input/datasets/arittrodhrubo/breast-lesion-main-dataset/BUSI Dataset/BUSI Dataset/Dataset_BUSI_with_GT/benign/benign (266).png,busi,benign,/kaggle/input/datasets/arittrodhrubo/breast-lesion-main-dataset/BUSI Dataset/BUSI Dataset/Dataset_BUSI_with_GT/benign/benign (241).png,busi,2
/kaggle/input/datasets/arittrodhrubo/breast-lesion-main-dataset/BUSI Dataset/BUSI Dataset/Dataset_BUSI_with_GT/benign/benign (267).png,busi,benign,/kaggle/input/datasets/arittrodhrubo/breast-lesion-main-dataset/BUSI Dataset/BUSI Dataset/Dataset_BUSI_with_GT/benign/benign (222).png,busi,0
/kaggle/input/datasets/arittrodhrubo/breast-lesion-main-dataset/BUSI Dataset/BUSI Dataset/Dataset_BUSI_with_GT/benign/benign (268).png,busi,benign,/kaggle/input/datasets/arittrodhrubo/breast-lesion-main-dataset/BUSI Dataset/BUSI Dataset/Dataset_BUSI_with_GT/benign/benign (217).png,busi,2
/kaggle/input/datasets/arittrodhrubo/breast-lesion-main-dataset/BUSI Dataset/BUSI Dataset/Dataset_BUSI_with_GT/benign/benign (270).png,busi,benign,/kaggle/input/datasets/arittrodhrubo/breast-lesion-main-dataset/BUSI Dataset/BUSI Dataset/Dataset_BUSI_with_GT/benign/benign (215).png,busi,2
/kaggle/input/datasets/arittrodhrubo/breast-lesion-main-dataset/BUSI Dataset/BUSI Dataset/Dataset_BUSI_with_GT/benign/benign (271).png,busi,benign,/kaggle/input/datasets/arittrodhrubo/breast-lesion-main-dataset/BUSI Dataset/BUSI Dataset/Dataset_BUSI_with_GT/benign/benign (220).png,busi,6
/kaggle/input/datasets/arittrodhrubo/breast-lesion-main-dataset/BUSI Dataset/BUSI Dataset/Dataset_BUSI_with_GT/benign/benign (272).png,busi,benign,/kaggle/input/datasets/arittrodhrubo/breast-lesion-main-dataset/BUSI Dataset/BUSI Dataset/Dataset_BUSI_with_GT/benign/benign (219).png,busi,4
/kaggle/input/datasets/arittrodhrubo/breast-lesion-main-dataset/BUSI Dataset/BUSI Dataset/Dataset_BUSI_with_GT/benign/benign (273).png,busi,benign,/kaggle/input/datasets/arittrodhrubo/breast-lesion-main-dataset/BUSI Dataset/BUSI Dataset/Dataset_BUSI_with_GT/benign/benign (203).png,busi,2
/kaggle/input/datasets/arittrodhrubo/breast-lesion-main-dataset/BUSI Dataset/BUSI Dataset/Dataset_BUSI_with_GT/benign/benign (274).png,busi,benign,/kaggle/input/datasets/arittrodhrubo/breast-lesion-main-dataset/BUSI Dataset/BUSI Dataset/Dataset_BUSI_with_GT/benign/benign (200).png,busi,4
/kaggle/input/datasets/arittrodhrubo/breast-lesion-main-dataset/BUSI Dataset/BUSI Dataset/Dataset_BUSI_with_GT/benign/benign (275).png,busi,benign,/kaggle/input/datasets/arittrodhrubo/breast-lesion-main-dataset/BUSI Dataset/BUSI Dataset/Dataset_BUSI_with_GT/benign/benign (209).png,busi,4
/kaggle/input/datasets/arittrodhrubo/breast-lesion-main-dataset/BUSI Dataset/BUSI Dataset/Dataset_BUSI_with_GT/benign/benign (276).png,busi,benign,/kaggle/input/datasets/arittrodhrubo/breast-lesion-main-dataset/BUSI Dataset/BUSI Dataset/Dataset_BUSI_with_GT/benign/benign (232).png,busi,2
/kaggle/input/datasets/arittrodhrubo/breast-lesion-main-dataset/BUSI Dataset/BUSI Dataset/Dataset_BUSI_with_GT/benign/benign (277).png,busi,benign,/kaggle/input/datasets/arittrodhrubo/breast-lesion-main-dataset/BUSI Dataset/BUSI Dataset/Dataset_BUSI_with_GT/benign/benign (240).png,busi,2
/kaggle/input/datasets/arittrodhrubo/breast-lesion-main-dataset/BUSI Dataset/BUSI Dataset/Dataset_BUSI_with_GT/benign/benign (278).png,busi,benign,/kaggle/input/datasets/arittrodhrubo/breast-lesion-main-dataset/BUSI Dataset/BUSI Dataset/Dataset_BUSI_with_GT/benign/benign (226).png,busi,2
/kaggle/input/datasets/arittrodhrubo/breast-lesion-main-dataset/BUSI Dataset/BUSI Dataset/Dataset_BUSI_with_GT/benign/benign (279).png,busi,benign,/kaggle/input/datasets/arittrodhrubo/breast-lesion-main-dataset/BUSI Dataset/BUSI Dataset/Dataset_BUSI_with_GT/benign/benign (241).png,busi,2
/kaggle/input/datasets/arittrodhrubo/breast-lesion-main-dataset/BUSI Dataset/BUSI Dataset/Dataset_BUSI_with_GT/benign/benign (280).png,busi,benign,/kaggle/input/datasets/arittrodhrubo/breast-lesion-main-dataset/BUSI Dataset/BUSI Dataset/Dataset_BUSI_with_GT/benign/benign (229).png,busi,4
/kaggle/input/datasets/arittrodhrubo/breast-lesion-main-dataset/BUSI Dataset/BUSI Dataset/Dataset_BUSI_with_GT/benign/benign (281).png,busi,benign,/kaggle/input/datasets/arittrodhrubo/breast-lesion-main-dataset/BUSI Dataset/BUSI Dataset/Dataset_BUSI_with_GT/benign/benign (214).png,busi,4
/kaggle/input/datasets/arittrodhrubo/breast-lesion-main-dataset/BUSI Dataset/BUSI Dataset/Dataset_BUSI_with_GT/benign/benign (282).png,busi,benign,/kaggle/input/datasets/arittrodhrubo/breast-lesion-main-dataset/BUSI Dataset/BUSI Dataset/Dataset_BUSI_with_GT/benign/benign (204).png,busi,2
/kaggle/input/datasets/arittrodhrubo/breast-lesion-main-dataset/BUSI Dataset/BUSI Dataset/Dataset_BUSI_with_GT/benign/benign (285).png,busi,benign,/kaggle/input/datasets/arittrodhrubo/breast-lesion-main-dataset/BUSI Dataset/BUSI Dataset/Dataset_BUSI_with_GT/benign/benign (284).png,busi,2
/kaggle/input/datasets/arittrodhrubo/breast-lesion-main-dataset/BUSI Dataset/BUSI Dataset/Dataset_BUSI_with_GT/benign/benign (287).png,busi,benign,/kaggle/input/datasets/arittrodhrubo/breast-lesion-main-dataset/BUSI Dataset/BUSI Dataset/Dataset_BUSI_with_GT/benign/benign (232).png,busi,2
/kaggle/input/datasets/arittrodhrubo/breast-lesion-main-dataset/BUSI Dataset/BUSI Dataset/Dataset_BUSI_with_GT/benign/benign (288).png,busi,benign,/kaggle/input/datasets/arittrodhrubo/breast-lesion-main-dataset/BUSI Dataset/BUSI Dataset/Dataset_BUSI_with_GT/benign/benign (242).png,busi,6
/kaggle/input/datasets/arittrodhrubo/breast-lesion-main-dataset/BUSI Dataset/BUSI Dataset/Dataset_BUSI_with_GT/benign/benign (289).png,busi,benign,/kaggle/input/datasets/arittrodhrubo/breast-lesion-main-dataset/BUSI Dataset/BUSI Dataset/Dataset_BUSI_with_GT/benign/benign (203).png,busi,2
/kaggle/input/datasets/arittrodhrubo/breast-lesion-main-dataset/BUSI Dataset/BUSI Dataset/Dataset_BUSI_with_GT/benign/benign (290).png,busi,benign,/kaggle/input/datasets/arittrodhrubo/breast-lesion-main-dataset/BUSI Dataset/BUSI Dataset/Dataset_BUSI_with_GT/benign/benign (200).png,busi,4
/kaggle/input/datasets/arittrodhrubo/breast-lesion-main-dataset/BUSI Dataset/BUSI Dataset/Dataset_BUSI_with_GT/benign/benign (291).png,busi,benign,/kaggle/input/datasets/arittrodhrubo/breast-lesion-main-dataset/BUSI Dataset/BUSI Dataset/Dataset_BUSI_with_GT/benign/benign (208).png,busi,4
/kaggle/input/datasets/arittrodhrubo/breast-lesion-main-dataset/BUSI Dataset/BUSI Dataset/Dataset_BUSI_with_GT/benign/benign (292).png,busi,benign,/kaggle/input/datasets/arittrodhrubo/breast-lesion-main-dataset/BUSI Dataset/BUSI Dataset/Dataset_BUSI_with_GT/benign/benign (225).png,busi,0
/kaggle/input/datasets/arittrodhrubo/breast-lesion-main-dataset/BUSI Dataset/BUSI Dataset/Dataset_BUSI_with_GT/benign/benign (293).png,busi,benign,/kaggle/input/datasets/arittrodhrubo/breast-lesion-main-dataset/BUSI Dataset/BUSI Dataset/Dataset_BUSI_with_GT/benign/benign (225).png,busi,2
/kaggle/input/datasets/arittrodhrubo/breast-lesion-main-dataset/BUSI Dataset/BUSI Dataset/Dataset_BUSI_with_GT/benign/benign (294).png,busi,benign,/kaggle/input/datasets/arittrodhrubo/breast-lesion-main-dataset/BUSI Dataset/BUSI Dataset/Dataset_BUSI_with_GT/benign/benign (235).png,busi,0
/kaggle/input/datasets/arittrodhrubo/breast-lesion-main-dataset/BUSI Dataset/BUSI Dataset/Dataset_BUSI_with_GT/benign/benign (295).png,busi,benign,/kaggle/input/datasets/arittrodhrubo/breast-lesion-main-dataset/BUSI Dataset/BUSI Dataset/Dataset_BUSI_with_GT/benign/benign (231).png,busi,2
/kaggle/input/datasets/arittrodhrubo/breast-lesion-main-dataset/BUSI Dataset/BUSI Dataset/Dataset_BUSI_with_GT/benign/benign (296).png,busi,benign,/kaggle/input/datasets/arittrodhrubo/breast-lesion-main-dataset/BUSI Dataset/BUSI Dataset/Dataset_BUSI_with_GT/benign/benign (218).png,busi,2
/kaggle/input/datasets/arittrodhrubo/breast-lesion-main-dataset/BUSI Dataset/BUSI Dataset/Dataset_BUSI_with_GT/benign/benign (297).png,busi,benign,/kaggle/input/datasets/arittrodhrubo/breast-lesion-main-dataset/BUSI Dataset/BUSI Dataset/Dataset_BUSI_with_GT/benign/benign (209).png,busi,2
/kaggle/input/datasets/arittrodhrubo/breast-lesion-main-dataset/BUSI Dataset/BUSI Dataset/Dataset_BUSI_with_GT/benign/benign (298).png,busi,benign,/kaggle/input/datasets/arittrodhrubo/breast-lesion-main-dataset/BUSI Dataset/BUSI Dataset/Dataset_BUSI_with_GT/benign/benign (210).png,busi,0
/kaggle/input/datasets/arittrodhrubo/breast-lesion-main-dataset/BUSI Dataset/BUSI Dataset/Dataset_BUSI_with_GT/benign/benign (299).png,busi,benign,/kaggle/input/datasets/arittrodhrubo/breast-lesion-main-dataset/BUSI Dataset/BUSI Dataset/Dataset_BUSI_with_GT/benign/benign (233).png,busi,0
/kaggle/input/datasets/arittrodhrubo/breast-lesion-main-dataset/BUSI Dataset/BUSI Dataset/Dataset_BUSI_with_GT/benign/benign (30).png,busi,benign,/kaggle/input/datasets/arittrodhrubo/breast-lesion-main-dataset/BUSI Dataset/BUSI Dataset/Dataset_BUSI_with_GT/benign/benign (128).png,busi,2
/kaggle/input/datasets/arittrodhrubo/breast-lesion-main-dataset/BUSI Dataset/BUSI Dataset/Dataset_BUSI_with_GT/benign/benign (300).png,busi,benign,/kaggle/input/datasets/arittrodhrubo/breast-lesion-main-dataset/BUSI Dataset/BUSI Dataset/Dataset_BUSI_with_GT/benign/benign (238).png,busi,2
/kaggle/input/datasets/arittrodhrubo/breast-lesion-main-dataset/BUSI Dataset/BUSI Dataset/Dataset_BUSI_with_GT/benign/benign (301).png,busi,benign,/kaggle/input/datasets/arittrodhrubo/breast-lesion-main-dataset/BUSI Dataset/BUSI Dataset/Dataset_BUSI_with_GT/benign/benign (202).png,busi,2
/kaggle/input/datasets/arittrodhrubo/breast-lesion-main-dataset/BUSI Dataset/BUSI Dataset/Dataset_BUSI_with_GT/benign/benign (302).png,busi,benign,/kaggle/input/datasets/arittrodhrubo/breast-lesion-main-dataset/BUSI Dataset/BUSI Dataset/Dataset_BUSI_with_GT/benign/benign (201).png,busi,6
/kaggle/input/datasets/arittrodhrubo/breast-lesion-main-dataset/BUSI Dataset/BUSI Dataset/Dataset_BUSI_with_GT/benign/benign (303).png,busi,benign,/kaggle/input/datasets/arittrodhrubo/breast-lesion-main-dataset/BUSI Dataset/BUSI Dataset/Dataset_BUSI_with_GT/benign/benign (206).png,busi,4
/kaggle/input/datasets/arittrodhrubo/breast-lesion-main-dataset/BUSI Dataset/BUSI Dataset/Dataset_BUSI_with_GT/benign/benign (304).png,busi,benign,/kaggle/input/datasets/arittrodhrubo/breast-lesion-main-dataset/BUSI Dataset/BUSI Dataset/Dataset_BUSI_with_GT/benign/benign (224).png,busi,6
/kaggle/input/datasets/arittrodhrubo/breast-lesion-main-dataset/BUSI Dataset/BUSI Dataset/Dataset_BUSI_with_GT/benign/benign (305).png,busi,benign,/kaggle/input/datasets/arittrodhrubo/breast-lesion-main-dataset/BUSI Dataset/BUSI Dataset/Dataset_BUSI_with_GT/benign/benign (245).png,busi,6
/kaggle/input/datasets/arittrodhrubo/breast-lesion-main-dataset/BUSI Dataset/BUSI Dataset/Dataset_BUSI_with_GT/benign/benign (306).png,busi,benign,/kaggle/input/datasets/arittrodhrubo/breast-lesion-main-dataset/BUSI Dataset/BUSI Dataset/Dataset_BUSI_with_GT/benign/benign (228).png,busi,0
/kaggle/input/datasets/arittrodhrubo/breast-lesion-main-dataset/BUSI Dataset/BUSI Dataset/Dataset_BUSI_with_GT/benign/benign (318).png,busi,benign,/kaggle/input/datasets/arittrodhrubo/breast-lesion-main-dataset/BUSI Dataset/BUSI Dataset/Dataset_BUSI_with_GT/benign/benign (1).png,busi,2
/kaggle/input/datasets/arittrodhrubo/breast-lesion-main-dataset/BUSI Dataset/BUSI Dataset/Dataset_BUSI_with_GT/benign/benign (319).png,busi,benign,/kaggle/input/datasets/arittrodhrubo/breast-lesion-main-dataset/BUSI Dataset/BUSI Dataset/Dataset_BUSI_with_GT/benign/benign (2).png,busi,4
/kaggle/input/datasets/arittrodhrubo/breast-lesion-main-dataset/BUSI Dataset/BUSI Dataset/Dataset_BUSI_with_GT/benign/benign (320).png,busi,benign,/kaggle/input/datasets/arittrodhrubo/breast-lesion-main-dataset/BUSI Dataset/BUSI Dataset/Dataset_BUSI_with_GT/benign/benign (3).png,busi,2
/kaggle/input/datasets/arittrodhrubo/breast-lesion-main-dataset/BUSI Dataset/BUSI Dataset/Dataset_BUSI_with_GT/benign/benign (327).png,busi,benign,/kaggle/input/datasets/arittrodhrubo/breast-lesion-main-dataset/BUSI Dataset/BUSI Dataset/Dataset_BUSI_with_GT/benign/benign (10).png,busi,0
/kaggle/input/datasets/arittrodhrubo/breast-lesion-main-dataset/BUSI Dataset/BUSI Dataset/Dataset_BUSI_with_GT/benign/benign (328).png,busi,benign,/kaggle/input/datasets/arittrodhrubo/breast-lesion-main-dataset/BUSI Dataset/BUSI Dataset/Dataset_BUSI_with_GT/benign/benign (11).png,busi,4
/kaggle/input/datasets/arittrodhrubo/breast-lesion-main-dataset/BUSI Dataset/BUSI Dataset/Dataset_BUSI_with_GT/benign/benign (329).png,busi,benign,/kaggle/input/datasets/arittrodhrubo/breast-lesion-main-dataset/BUSI Dataset/BUSI Dataset/Dataset_BUSI_with_GT/benign/benign (12).png,busi,2
/kaggle/input/datasets/arittrodhrubo/breast-lesion-main-dataset/BUSI Dataset/BUSI Dataset/Dataset_BUSI_with_GT/benign/benign (33).png,busi,benign,/kaggle/input/datasets/arittrodhrubo/breast-lesion-main-dataset/BUSI Dataset/BUSI Dataset/Dataset_BUSI_with_GT/benign/benign (130).png,busi,6
/kaggle/input/datasets/arittrodhrubo/breast-lesion-main-dataset/BUSI Dataset/BUSI Dataset/Dataset_BUSI_with_GT/benign/benign (330).png,busi,benign,/kaggle/input/datasets/arittrodhrubo/breast-lesion-main-dataset/BUSI Dataset/BUSI Dataset/Dataset_BUSI_with_GT/benign/benign (13).png,busi,2
/kaggle/input/datasets/arittrodhrubo/breast-lesion-main-dataset/BUSI Dataset/BUSI Dataset/Dataset_BUSI_with_GT/benign/benign (331).png,busi,benign,/kaggle/input/datasets/arittrodhrubo/breast-lesion-main-dataset/BUSI Dataset/BUSI Dataset/Dataset_BUSI_with_GT/benign/benign (14).png,busi,0
/kaggle/input/datasets/arittrodhrubo/breast-lesion-main-dataset/BUSI Dataset/BUSI Dataset/Dataset_BUSI_with_GT/benign/benign (332).png,busi,benign,/kaggle/input/datasets/arittrodhrubo/breast-lesion-main-dataset/BUSI Dataset/BUSI Dataset/Dataset_BUSI_with_GT/benign/benign (15).png,busi,0
/kaggle/input/datasets/arittrodhrubo/breast-lesion-main-dataset/BUSI Dataset/BUSI Dataset/Dataset_BUSI_with_GT/benign/benign (35).png,busi,benign,/kaggle/input/datasets/arittrodhrubo/breast-lesion-main-dataset/BUSI Dataset/BUSI Dataset/Dataset_BUSI_with_GT/benign/benign (177).png,busi,0
/kaggle/input/datasets/arittrodhrubo/breast-lesion-main-dataset/BUSI Dataset/BUSI Dataset/Dataset_BUSI_with_GT/benign/benign (37).png,busi,benign,/kaggle/input/datasets/arittrodhrubo/breast-lesion-main-dataset/BUSI Dataset/BUSI Dataset/Dataset_BUSI_with_GT/benign/benign (127).png,busi,0
/kaggle/input/datasets/arittrodhrubo/breast-lesion-main-dataset/BUSI Dataset/BUSI Dataset/Dataset_BUSI_with_GT/benign/benign (38).png,busi,benign,/kaggle/input/datasets/arittrodhrubo/breast-lesion-main-dataset/BUSI Dataset/BUSI Dataset/Dataset_BUSI_with_GT/benign/benign (132).png,busi,2
/kaggle/input/datasets/arittrodhrubo/breast-lesion-main-dataset/BUSI Dataset/BUSI Dataset/Dataset_BUSI_with_GT/benign/benign (4).png,busi,benign,/kaggle/input/datasets/arittrodhrubo/breast-lesion-main-dataset/BUSI Dataset/BUSI Dataset/Dataset_BUSI_with_GT/benign/benign (321).png,busi,4
/kaggle/input/datasets/arittrodhrubo/breast-lesion-main-dataset/BUSI Dataset/BUSI Dataset/Dataset_BUSI_with_GT/benign/benign (411).png,busi,benign,/kaggle/input/datasets/arittrodhrubo/breast-lesion-main-dataset/BUSI Dataset/BUSI Dataset/Dataset_BUSI_with_GT/benign/benign (395).png,busi,2
/kaggle/input/datasets/arittrodhrubo/breast-lesion-main-dataset/BUSI Dataset/BUSI Dataset/Dataset_BUSI_with_GT/benign/benign (412).png,busi,benign,/kaggle/input/datasets/arittrodhrubo/breast-lesion-main-dataset/BUSI Dataset/BUSI Dataset/Dataset_BUSI_with_GT/benign/benign (400).png,busi,2
/kaggle/input/datasets/arittrodhrubo/breast-lesion-main-dataset/BUSI Dataset/BUSI Dataset/Dataset_BUSI_with_GT/benign/benign (413).png,busi,benign,/kaggle/input/datasets/arittrodhrubo/breast-lesion-main-dataset/BUSI Dataset/BUSI Dataset/Dataset_BUSI_with_GT/benign/benign (396).png,busi,2
/kaggle/input/datasets/arittrodhrubo/breast-lesion-main-dataset/BUSI Dataset/BUSI Dataset/Dataset_BUSI_with_GT/benign/benign (415).png,busi,benign,/kaggle/input/datasets/arittrodhrubo/breast-lesion-main-dataset/BUSI Dataset/BUSI Dataset/Dataset_BUSI_with_GT/benign/benign (404).png,busi,4
/kaggle/input/datasets/arittrodhrubo/breast-lesion-main-dataset/BUSI Dataset/BUSI Dataset/Dataset_BUSI_with_GT/benign/benign (419).png,busi,benign,/kaggle/input/datasets/arittrodhrubo/breast-lesion-main-dataset/BUSI Dataset/BUSI Dataset/Dataset_BUSI_with_GT/benign/benign (307).png,busi,4
/kaggle/input/datasets/arittrodhrubo/breast-lesion-main-dataset/BUSI Dataset/BUSI Dataset/Dataset_BUSI_with_GT/benign/benign (42).png,busi,benign,/kaggle/input/datasets/arittrodhrubo/breast-lesion-main-dataset/BUSI Dataset/BUSI Dataset/Dataset_BUSI_with_GT/benign/benign (131).png,busi,2
/kaggle/input/datasets/arittrodhrubo/breast-lesion-main-dataset/BUSI Dataset/BUSI Dataset/Dataset_BUSI_with_GT/benign/benign (421).png,busi,benign,/kaggle/input/datasets/arittrodhrubo/breast-lesion-main-dataset/BUSI Dataset/BUSI Dataset/Dataset_BUSI_with_GT/benign/benign (312).png,busi,0
/kaggle/input/datasets/arittrodhrubo/breast-lesion-main-dataset/BUSI Dataset/BUSI Dataset/Dataset_BUSI_with_GT/benign/benign (422).png,busi,benign,/kaggle/input/datasets/arittrodhrubo/breast-lesion-main-dataset/BUSI Dataset/BUSI Dataset/Dataset_BUSI_with_GT/benign/benign (309).png,busi,0
/kaggle/input/datasets/arittrodhrubo/breast-lesion-main-dataset/BUSI Dataset/BUSI Dataset/Dataset_BUSI_with_GT/benign/benign (423).png,busi,benign,/kaggle/input/datasets/arittrodhrubo/breast-lesion-main-dataset/BUSI Dataset/BUSI Dataset/Dataset_BUSI_with_GT/benign/benign (310).png,busi,4
/kaggle/input/datasets/arittrodhrubo/breast-lesion-main-dataset/BUSI Dataset/BUSI Dataset/Dataset_BUSI_with_GT/benign/benign (424).png,busi,benign,/kaggle/input/datasets/arittrodhrubo/breast-lesion-main-dataset/BUSI Dataset/BUSI Dataset/Dataset_BUSI_with_GT/benign/benign (308).png,busi,6
/kaggle/input/datasets/arittrodhrubo/breast-lesion-main-dataset/BUSI Dataset/BUSI Dataset/Dataset_BUSI_with_GT/benign/benign (425).png,busi,benign,/kaggle/input/datasets/arittrodhrubo/breast-lesion-main-dataset/BUSI Dataset/BUSI Dataset/Dataset_BUSI_with_GT/benign/benign (17).png,busi,2
/kaggle/input/datasets/arittrodhrubo/breast-lesion-main-dataset/BUSI Dataset/BUSI Dataset/Dataset_BUSI_with_GT/benign/benign (426).png,busi,benign,/kaggle/input/datasets/arittrodhrubo/breast-lesion-main-dataset/BUSI Dataset/BUSI Dataset/Dataset_BUSI_with_GT/benign/benign (316).png,busi,2
/kaggle/input/datasets/arittrodhrubo/breast-lesion-main-dataset/BUSI Dataset/BUSI Dataset/Dataset_BUSI_with_GT/benign/benign (44).png,busi,benign,/kaggle/input/datasets/arittrodhrubo/breast-lesion-main-dataset/BUSI Dataset/BUSI Dataset/Dataset_BUSI_with_GT/benign/benign (129).png,busi,2
/kaggle/input/datasets/arittrodhrubo/breast-lesion-main-dataset/BUSI Dataset/BUSI Dataset/Dataset_BUSI_with_GT/benign/benign (5).png,busi,benign,/kaggle/input/datasets/arittrodhrubo/breast-lesion-main-dataset/BUSI Dataset/BUSI Dataset/Dataset_BUSI_with_GT/benign/benign (322).png,busi,0
/kaggle/input/datasets/arittrodhrubo/breast-lesion-main-dataset/BUSI Dataset/BUSI Dataset/Dataset_BUSI_with_GT/benign/benign (50).png,busi,benign,/kaggle/input/datasets/arittrodhrubo/breast-lesion-main-dataset/BUSI Dataset/BUSI Dataset/Dataset_BUSI_with_GT/benign/benign (136).png,busi,4
/kaggle/input/datasets/arittrodhrubo/breast-lesion-main-dataset/BUSI Dataset/BUSI Dataset/Dataset_BUSI_with_GT/benign/benign (51).png,busi,benign,/kaggle/input/datasets/arittrodhrubo/breast-lesion-main-dataset/BUSI Dataset/BUSI Dataset/Dataset_BUSI_with_GT/benign/benign (133).png,busi,2
/kaggle/input/datasets/arittrodhrubo/breast-lesion-main-dataset/BUSI Dataset/BUSI Dataset/Dataset_BUSI_with_GT/benign/benign (52).png,busi,benign,/kaggle/input/datasets/arittrodhrubo/breast-lesion-main-dataset/BUSI Dataset/BUSI Dataset/Dataset_BUSI_with_GT/benign/benign (134).png,busi,4
/kaggle/input/datasets/arittrodhrubo/breast-lesion-main-dataset/BUSI Dataset/BUSI Dataset/Dataset_BUSI_with_GT/benign/benign (58).png,busi,benign,/kaggle/input/datasets/arittrodhrubo/breast-lesion-main-dataset/BUSI Dataset/BUSI Dataset/Dataset_BUSI_with_GT/benign/benign (135).png,busi,0
/kaggle/input/datasets/arittrodhrubo/breast-lesion-main-dataset/BUSI Dataset/BUSI Dataset/Dataset_BUSI_with_GT/benign/benign (6).png,busi,benign,/kaggle/input/datasets/arittrodhrubo/breast-lesion-main-dataset/BUSI Dataset/BUSI Dataset/Dataset_BUSI_with_GT/benign/benign (323).png,busi,2
/kaggle/input/datasets/arittrodhrubo/breast-lesion-main-dataset/BUSI Dataset/BUSI Dataset/Dataset_BUSI_with_GT/benign/benign (60).png,busi,benign,/kaggle/input/datasets/arittrodhrubo/breast-lesion-main-dataset/BUSI Dataset/BUSI Dataset/Dataset_BUSI_with_GT/benign/benign (138).png,busi,4
/kaggle/input/datasets/arittrodhrubo/breast-lesion-main-dataset/BUSI Dataset/BUSI Dataset/Dataset_BUSI_with_GT/benign/benign (65).png,busi,benign,/kaggle/input/datasets/arittrodhrubo/breast-lesion-main-dataset/BUSI Dataset/BUSI Dataset/Dataset_BUSI_with_GT/benign/benign (139).png,busi,0
/kaggle/input/datasets/arittrodhrubo/breast-lesion-main-dataset/BUSI Dataset/BUSI Dataset/Dataset_BUSI_with_GT/benign/benign (7).png,busi,benign,/kaggle/input/datasets/arittrodhrubo/breast-lesion-main-dataset/BUSI Dataset/BUSI Dataset/Dataset_BUSI_with_GT/benign/benign (324).png,busi,2
/kaggle/input/datasets/arittrodhrubo/breast-lesion-main-dataset/BUSI Dataset/BUSI Dataset/Dataset_BUSI_with_GT/benign/benign (8).png,busi,benign,/kaggle/input/datasets/arittrodhrubo/breast-lesion-main-dataset/BUSI Dataset/BUSI Dataset/Dataset_BUSI_with_GT/benign/benign (325).png,busi,0
/kaggle/input/datasets/arittrodhrubo/breast-lesion-main-dataset/BUSI Dataset/BUSI Dataset/Dataset_BUSI_with_GT/benign/benign (81).png,busi,benign,/kaggle/input/datasets/arittrodhrubo/breast-lesion-main-dataset/BUSI Dataset/BUSI Dataset/Dataset_BUSI_with_GT/benign/benign (197).png,busi,4
/kaggle/input/datasets/arittrodhrubo/breast-lesion-main-dataset/BUSI Dataset/BUSI Dataset/Dataset_BUSI_with_GT/benign/benign (85).png,busi,benign,/kaggle/input/datasets/arittrodhrubo/breast-lesion-main-dataset/BUSI Dataset/BUSI Dataset/Dataset_BUSI_with_GT/benign/benign (164).png,busi,0
/kaggle/input/datasets/arittrodhrubo/breast-lesion-main-dataset/BUSI Dataset/BUSI Dataset/Dataset_BUSI_with_GT/benign/benign (86).png,busi,benign,/kaggle/input/datasets/arittrodhrubo/breast-lesion-main-dataset/BUSI Dataset/BUSI Dataset/Dataset_BUSI_with_GT/benign/benign (163).png,busi,2
/kaggle/input/datasets/arittrodhrubo/breast-lesion-main-dataset/BUSI Dataset/BUSI Dataset/Dataset_BUSI_with_GT/benign/benign (9).png,busi,benign,/kaggle/input/datasets/arittrodhrubo/breast-lesion-main-dataset/BUSI Dataset/BUSI Dataset/Dataset_BUSI_with_GT/benign/benign (326).png,busi,6
/kaggle/input/datasets/arittrodhrubo/breast-lesion-main-dataset/BUSI Dataset/BUSI Dataset/Dataset_BUSI_with_GT/benign/benign (94).png,busi,benign,/kaggle/input/datasets/arittrodhrubo/breast-lesion-main-dataset/BUSI Dataset/BUSI Dataset/Dataset_BUSI_with_GT/benign/benign (108).png,busi,8
/kaggle/input/datasets/arittrodhrubo/breast-lesion-main-dataset/BUSI Dataset/BUSI Dataset/Dataset_BUSI_with_GT/benign/benign (96).png,busi,benign,/kaggle/input/datasets/arittrodhrubo/breast-lesion-main-dataset/BUSI Dataset/BUSI Dataset/Dataset_BUSI_with_GT/benign/benign (155).png,busi,6
/kaggle/input/datasets/arittrodhrubo/breast-lesion-main-dataset/BUSI Dataset/BUSI Dataset/Dataset_BUSI_with_GT/benign/benign (99).png,busi,benign,/kaggle/input/datasets/arittrodhrubo/breast-lesion-main-dataset/BUSI Dataset/BUSI Dataset/Dataset_BUSI_with_GT/benign/benign (139).png,busi,2
/kaggle/input/datasets/arittrodhrubo/breast-lesion-main-dataset/BUSI Dataset/BUSI Dataset/Dataset_BUSI_with_GT/malignant/malignant (112).png,busi,malignant,/kaggle/input/datasets/arittrodhrubo/breast-lesion-main-dataset/BUSI Dataset/BUSI Dataset/Dataset_BUSI_with_GT/malignant/malignant (10).png,busi,2
/kaggle/input/datasets/arittrodhrubo/breast-lesion-main-dataset/BUSI Dataset/BUSI Dataset/Dataset_BUSI_with_GT/malignant/malignant (119).png,busi,malignant,/kaggle/input/datasets/arittrodhrubo/breast-lesion-main-dataset/BUSI Dataset/BUSI Dataset/Dataset_BUSI_with_GT/malignant/malignant (118).png,busi,4
/kaggle/input/datasets/arittrodhrubo/breast-lesion-main-dataset/BUSI Dataset/BUSI Dataset/Dataset_BUSI_with_GT/malignant/malignant (12).png,busi,malignant,/kaggle/input/datasets/arittrodhrubo/breast-lesion-main-dataset/BUSI Dataset/BUSI Dataset/Dataset_BUSI_with_GT/malignant/malignant (110).png,busi,4
/kaggle/input/datasets/arittrodhrubo/breast-lesion-main-dataset/BUSI Dataset/BUSI Dataset/Dataset_BUSI_with_GT/malignant/malignant (123).png,busi,malignant,/kaggle/input/datasets/arittrodhrubo/breast-lesion-main-dataset/BUSI Dataset/BUSI Dataset/Dataset_BUSI_with_GT/malignant/malignant (114).png,busi,4
/kaggle/input/datasets/arittrodhrubo/breast-lesion-main-dataset/BUSI Dataset/BUSI Dataset/Dataset_BUSI_with_GT/malignant/malignant (13).png,busi,malignant,/kaggle/input/datasets/arittrodhrubo/breast-lesion-main-dataset/BUSI Dataset/BUSI Dataset/Dataset_BUSI_with_GT/malignant/malignant (109).png,busi,4
/kaggle/input/datasets/arittrodhrubo/breast-lesion-main-dataset/BUSI Dataset/BUSI Dataset/Dataset_BUSI_with_GT/malignant/malignant (14).png,busi,malignant,/kaggle/input/datasets/arittrodhrubo/breast-lesion-main-dataset/BUSI Dataset/BUSI Dataset/Dataset_BUSI_with_GT/malignant/malignant (114).png,busi,4
/kaggle/input/datasets/arittrodhrubo/breast-lesion-main-dataset/BUSI Dataset/BUSI Dataset/Dataset_BUSI_with_GT/malignant/malignant (145).png,busi,malignant,/kaggle/input/datasets/arittrodhrubo/breast-lesion-main-dataset/BUSI Dataset/BUSI Dataset/Dataset_BUSI_with_GT/benign/benign (433).png,busi,0
/kaggle/input/datasets/arittrodhrubo/breast-lesion-main-dataset/BUSI Dataset/BUSI Dataset/Dataset_BUSI_with_GT/malignant/malignant (15).png,busi,malignant,/kaggle/input/datasets/arittrodhrubo/breast-lesion-main-dataset/BUSI Dataset/BUSI Dataset/Dataset_BUSI_with_GT/malignant/malignant (111).png,busi,6
/kaggle/input/datasets/arittrodhrubo/breast-lesion-main-dataset/BUSI Dataset/BUSI Dataset/Dataset_BUSI_with_GT/malignant/malignant (18).png,busi,malignant,/kaggle/input/datasets/arittrodhrubo/breast-lesion-main-dataset/BUSI Dataset/BUSI Dataset/Dataset_BUSI_with_GT/malignant/malignant (116).png,busi,0
/kaggle/input/datasets/arittrodhrubo/breast-lesion-main-dataset/BUSI Dataset/BUSI Dataset/Dataset_BUSI_with_GT/malignant/malignant (42).png,busi,malignant,/kaggle/input/datasets/arittrodhrubo/breast-lesion-main-dataset/BUSI Dataset/BUSI Dataset/Dataset_BUSI_with_GT/malignant/malignant (39).png,busi,8
/kaggle/input/datasets/arittrodhrubo/breast-lesion-main-dataset/BUSI Dataset/BUSI Dataset/Dataset_BUSI_with_GT/malignant/malignant (5).png,busi,malignant,/kaggle/input/datasets/arittrodhrubo/breast-lesion-main-dataset/BUSI Dataset/BUSI Dataset/Dataset_BUSI_with_GT/malignant/malignant (4).png,busi,2
/kaggle/input/datasets/arittrodhrubo/breast-lesion-main-dataset/BUSI Dataset/BUSI Dataset/Dataset_BUSI_with_GT/malignant/malignant (51).png,busi,malignant,/kaggle/input/datasets/arittrodhrubo/breast-lesion-main-dataset/BUSI Dataset/BUSI Dataset/Dataset_BUSI_with_GT/benign/benign (131).png,busi,2
/kaggle/input/datasets/arittrodhrubo/breast-lesion-main-dataset/BUSI Dataset/BUSI Dataset/Dataset_BUSI_with_GT/malignant/malignant (52).png,busi,malignant,/kaggle/input/datasets/arittrodhrubo/breast-lesion-main-dataset/BUSI Dataset/BUSI Dataset/Dataset_BUSI_with_GT/benign/benign (164).png,busi,2
/kaggle/input/datasets/arittrodhrubo/breast-lesion-main-dataset/BUSI Dataset/BUSI Dataset/Dataset_BUSI_with_GT/malignant/malignant (7).png,busi,malignant,/kaggle/input/datasets/arittrodhrubo/breast-lesion-main-dataset/BUSI Dataset/BUSI Dataset/Dataset_BUSI_with_GT/malignant/malignant (6).png,busi,8
/kaggle/input/datasets/arittrodhrubo/breast-lesion-main-dataset/BUSI Dataset/BUSI Dataset/Dataset_BUSI_with_GT/malignant/malignant (77).png,busi,malignant,/kaggle/input/datasets/arittrodhrubo/breast-lesion-main-dataset/BUSI Dataset/BUSI Dataset/Dataset_BUSI_with_GT/benign/benign (333).png,busi,4
/kaggle/input/datasets/arittrodhrubo/breast-lesion-main-dataset/BUSI Dataset/BUSI Dataset/Dataset_BUSI_with_GT/malignant/malignant (8).png,busi,malignant,/kaggle/input/datasets/arittrodhrubo/breast-lesion-main-dataset/BUSI Dataset/BUSI Dataset/Dataset_BUSI_with_GT/malignant/malignant (6).png,busi,6
/kaggle/input/datasets/arittrodhrubo/breast-lesion-main-dataset/BUSI Dataset/BUSI Dataset/Dataset_BUSI_with_GT/malignant/malignant (88).png,busi,malignant,/kaggle/input/datasets/arittrodhrubo/breast-lesion-main-dataset/BUSI Dataset/BUSI Dataset/Dataset_BUSI_with_GT/malignant/malignant (17).png,busi,2
/kaggle/input/datasets/arittrodhrubo/breast-lesion-main-dataset/BUSI Dataset/BUSI Dataset/Dataset_BUSI_with_GT/malignant/malignant (9).png,busi,malignant,/kaggle/input/datasets/arittrodhrubo/breast-lesion-main-dataset/BUSI Dataset/BUSI Dataset/Dataset_BUSI_with_GT/malignant/malignant (6).png,busi,6
/kaggle/input/datasets/arittrodhrubo/breast-lesion-main-dataset/BUSI Dataset/BUSI Dataset/Dataset_BUSI_with_GT/malignant/malignant (92).png,busi,malignant,/kaggle/input/datasets/arittrodhrubo/breast-lesion-main-dataset/BUSI Dataset/BUSI Dataset/Dataset_BUSI_with_GT/malignant/malignant (34).png,busi,6
/kaggle/input/datasets/arittrodhrubo/breast-lesion-main-dataset/BUSI Dataset/BUSI Dataset/Dataset_BUSI_with_GT/malignant/malignant (93).png,busi,malignant,/kaggle/input/datasets/arittrodhrubo/breast-lesion-main-dataset/BUSI Dataset/BUSI Dataset/Dataset_BUSI_with_GT/benign/benign (399).png,busi,0
/kaggle/input/datasets/arittrodhrubo/breast-lesion-main-dataset/BUSI Dataset/BUSI Dataset/Dataset_BUSI_with_GT/malignant/malignant (94).png,busi,malignant,/kaggle/input/datasets/arittrodhrubo/breast-lesion-main-dataset/BUSI Dataset/BUSI Dataset/Dataset_BUSI_with_GT/benign/benign (406).png,busi,2
/kaggle/input/datasets/arittrodhrubo/breast-lesion-main-dataset/BUSI Dataset/BUSI Dataset/Dataset_BUSI_with_GT/malignant/malignant (97).png,busi,malignant,/kaggle/input/datasets/arittrodhrubo/breast-lesion-main-dataset/BUSI Dataset/BUSI Dataset/Dataset_BUSI_with_GT/malignant/malignant (96).png,busi,2
/kaggle/input/datasets/arittrodhrubo/breast-lesion-main-dataset/BUSI Dataset/BUSI Dataset/Dataset_BUSI_with_GT/normal/normal (1).png,busi,normal,/kaggle/input/datasets/arittrodhrubo/breast-lesion-main-dataset/BUSI Dataset/BUSI Dataset/Dataset_BUSI_with_GT/benign/benign (269).png,busi,2
/kaggle/input/datasets/arittrodhrubo/breast-lesion-main-dataset/BUSI Dataset/BUSI Dataset/Dataset_BUSI_with_GT/normal/normal (107).png,busi,normal,/kaggle/input/datasets/arittrodhrubo/breast-lesion-main-dataset/BUSI Dataset/BUSI Dataset/Dataset_BUSI_with_GT/normal/normal (104).png,busi,0
/kaggle/input/datasets/arittrodhrubo/breast-lesion-main-dataset/BUSI Dataset/BUSI Dataset/Dataset_BUSI_with_GT/normal/normal (19).png,busi,normal,/kaggle/input/datasets/arittrodhrubo/breast-lesion-main-dataset/BUSI Dataset/BUSI Dataset/Dataset_BUSI_with_GT/normal/normal (131).png,busi,2
/kaggle/input/datasets/arittrodhrubo/breast-lesion-main-dataset/BUSI Dataset/BUSI Dataset/Dataset_BUSI_with_GT/normal/normal (20).png,busi,normal,/kaggle/input/datasets/arittrodhrubo/breast-lesion-main-dataset/BUSI Dataset/BUSI Dataset/Dataset_BUSI_with_GT/normal/normal (132).png,busi,6
/kaggle/input/datasets/arittrodhrubo/breast-lesion-main-dataset/BUSI Dataset/BUSI Dataset/Dataset_BUSI_with_GT/normal/normal (22).png,busi,normal,/kaggle/input/datasets/arittrodhrubo/breast-lesion-main-dataset/BUSI Dataset/BUSI Dataset/Dataset_BUSI_with_GT/normal/normal (125).png,busi,0
/kaggle/input/datasets/arittrodhrubo/breast-lesion-main-dataset/BUSI Dataset/BUSI Dataset/Dataset_BUSI_with_GT/normal/normal (24).png,busi,normal,/kaggle/input/datasets/arittrodhrubo/breast-lesion-main-dataset/BUSI Dataset/BUSI Dataset/Dataset_BUSI_with_GT/normal/normal (128).png,busi,2
/kaggle/input/datasets/arittrodhrubo/breast-lesion-main-dataset/BUSI Dataset/BUSI Dataset/Dataset_BUSI_with_GT/normal/normal (25).png,busi,normal,/kaggle/input/datasets/arittrodhrubo/breast-lesion-main-dataset/BUSI Dataset/BUSI Dataset/Dataset_BUSI_with_GT/normal/normal (122).png,busi,2
/kaggle/input/datasets/arittrodhrubo/breast-lesion-main-dataset/BUSI Dataset/BUSI Dataset/Dataset_BUSI_with_GT/normal/normal (26).png,busi,normal,/kaggle/input/datasets/arittrodhrubo/breast-lesion-main-dataset/BUSI Dataset/BUSI Dataset/Dataset_BUSI_with_GT/normal/normal (130).png,busi,2
/kaggle/input/datasets/arittrodhrubo/breast-lesion-main-dataset/BUSI Dataset/BUSI Dataset/Dataset_BUSI_with_GT/normal/normal (27).png,busi,normal,/kaggle/input/datasets/arittrodhrubo/breast-lesion-main-dataset/BUSI Dataset/BUSI Dataset/Dataset_BUSI_with_GT/normal/normal (124).png,busi,2
/kaggle/input/datasets/arittrodhrubo/breast-lesion-main-dataset/BUSI Dataset/BUSI Dataset/Dataset_BUSI_with_GT/normal/normal (28).png,busi,normal,/kaggle/input/datasets/arittrodhrubo/breast-lesion-main-dataset/BUSI Dataset/BUSI Dataset/Dataset_BUSI_with_GT/normal/normal (126).png,busi,4
/kaggle/input/datasets/arittrodhrubo/breast-lesion-main-dataset/BUSI Dataset/BUSI Dataset/Dataset_BUSI_with_GT/normal/normal (29).png,busi,normal,/kaggle/input/datasets/arittrodhrubo/breast-lesion-main-dataset/BUSI Dataset/BUSI Dataset/Dataset_BUSI_with_GT/normal/normal (123).png,busi,2
/kaggle/input/datasets/arittrodhrubo/breast-lesion-main-dataset/BUSI Dataset/BUSI Dataset/Dataset_BUSI_with_GT/normal/normal (30).png,busi,normal,/kaggle/input/datasets/arittrodhrubo/breast-lesion-main-dataset/BUSI Dataset/BUSI Dataset/Dataset_BUSI_with_GT/normal/normal (119).png,busi,2
/kaggle/input/datasets/arittrodhrubo/breast-lesion-main-dataset/BUSI Dataset/BUSI Dataset/Dataset_BUSI_with_GT/normal/normal (31).png,busi,normal,/kaggle/input/datasets/arittrodhrubo/breast-lesion-main-dataset/BUSI Dataset/BUSI Dataset/Dataset_BUSI_with_GT/normal/normal (121).png,busi,0
/kaggle/input/datasets/arittrodhrubo/breast-lesion-main-dataset/BUSI Dataset/BUSI Dataset/Dataset_BUSI_with_GT/normal/normal (32).png,busi,normal,/kaggle/input/datasets/arittrodhrubo/breast-lesion-main-dataset/BUSI Dataset/BUSI Dataset/Dataset_BUSI_with_GT/normal/normal (127).png,busi,4
/kaggle/input/datasets/arittrodhrubo/breast-lesion-main-dataset/BUSI Dataset/BUSI Dataset/Dataset_BUSI_with_GT/normal/normal (33).png,busi,normal,/kaggle/input/datasets/arittrodhrubo/breast-lesion-main-dataset/BUSI Dataset/BUSI Dataset/Dataset_BUSI_with_GT/normal/normal (120).png,busi,6
/kaggle/input/datasets/arittrodhrubo/breast-lesion-main-dataset/BUSI Dataset/BUSI Dataset/Dataset_BUSI_with_GT/normal/normal (34).png,busi,normal,/kaggle/input/datasets/arittrodhrubo/breast-lesion-main-dataset/BUSI Dataset/BUSI Dataset/Dataset_BUSI_with_GT/benign/benign (437).png,busi,2
/kaggle/input/datasets/arittrodhrubo/breast-lesion-main-dataset/BUSI Dataset/BUSI Dataset/Dataset_BUSI_with_GT/normal/normal (35).png,busi,normal,/kaggle/input/datasets/arittrodhrubo/breast-lesion-main-dataset/BUSI Dataset/BUSI Dataset/Dataset_BUSI_with_GT/normal/normal (129).png,busi,2
/kaggle/input/datasets/arittrodhrubo/breast-lesion-main-dataset/BUSI Dataset/BUSI Dataset/Dataset_BUSI_with_GT/normal/normal (43).png,busi,normal,/kaggle/input/datasets/arittrodhrubo/breast-lesion-main-dataset/BUSI Dataset/BUSI Dataset/Dataset_BUSI_with_GT/normal/normal (38).png,busi,2
/kaggle/input/datasets/arittrodhrubo/breast-lesion-main-dataset/BUSI Dataset/BUSI Dataset/Dataset_BUSI_with_GT/normal/normal (44).png,busi,normal,/kaggle/input/datasets/arittrodhrubo/breast-lesion-main-dataset/BUSI Dataset/BUSI Dataset/Dataset_BUSI_with_GT/normal/normal (41).png,busi,2
/kaggle/input/datasets/arittrodhrubo/breast-lesion-main-dataset/BUSI Dataset/BUSI Dataset/Dataset_BUSI_with_GT/normal/normal (45).png,busi,normal,/kaggle/input/datasets/arittrodhrubo/breast-lesion-main-dataset/BUSI Dataset/BUSI Dataset/Dataset_BUSI_with_GT/normal/normal (42).png,busi,2
/kaggle/input/datasets/arittrodhrubo/breast-lesion-main-dataset/BUSI Dataset/BUSI Dataset/Dataset_BUSI_with_GT/normal/normal (46).png,busi,normal,/kaggle/input/datasets/arittrodhrubo/breast-lesion-main-dataset/BUSI Dataset/BUSI Dataset/Dataset_BUSI_with_GT/normal/normal (40).png,busi,4
/kaggle/input/datasets/arittrodhrubo/breast-lesion-main-dataset/BUSI Dataset/BUSI Dataset/Dataset_BUSI_with_GT/normal/normal (47).png,busi,normal,/kaggle/input/datasets/arittrodhrubo/breast-lesion-main-dataset/BUSI Dataset/BUSI Dataset/Dataset_BUSI_with_GT/normal/normal (41).png,busi,2
/kaggle/input/datasets/arittrodhrubo/breast-lesion-main-dataset/BUSI Dataset/BUSI Dataset/Dataset_BUSI_with_GT/normal/normal (48).png,busi,normal,/kaggle/input/datasets/arittrodhrubo/breast-lesion-main-dataset/BUSI Dataset/BUSI Dataset/Dataset_BUSI_with_GT/normal/normal (39).png,busi,4
/kaggle/input/datasets/arittrodhrubo/breast-lesion-main-dataset/BUSI Dataset/BUSI Dataset/Dataset_BUSI_with_GT/normal/normal (49).png,busi,normal,/kaggle/input/datasets/arittrodhrubo/breast-lesion-main-dataset/BUSI Dataset/BUSI Dataset/Dataset_BUSI_with_GT/normal/normal (42).png,busi,2
/kaggle/input/datasets/arittrodhrubo/breast-lesion-main-dataset/BUSI Dataset/BUSI Dataset/Dataset_BUSI_with_GT/normal/normal (5).png,busi,normal,/kaggle/input/datasets/arittrodhrubo/breast-lesion-main-dataset/BUSI Dataset/BUSI Dataset/Dataset_BUSI_with_GT/normal/normal (13).png,busi,2
/kaggle/input/datasets/arittrodhrubo/breast-lesion-main-dataset/BUSI Dataset/BUSI Dataset/Dataset_BUSI_with_GT/normal/normal (50).png,busi,normal,/kaggle/input/datasets/arittrodhrubo/breast-lesion-main-dataset/BUSI Dataset/BUSI Dataset/Dataset_BUSI_with_GT/normal/normal (38).png,busi,2
/kaggle/input/datasets/arittrodhrubo/breast-lesion-main-dataset/BUSI Dataset/BUSI Dataset/Dataset_BUSI_with_GT/normal/normal (52).png,busi,normal,/kaggle/input/datasets/arittrodhrubo/breast-lesion-main-dataset/BUSI Dataset/BUSI Dataset/Dataset_BUSI_with_GT/normal/normal (51).png,busi,4
/kaggle/input/datasets/arittrodhrubo/breast-lesion-main-dataset/BUSI Dataset/BUSI Dataset/Dataset_BUSI_with_GT/normal/normal (53).png,busi,normal,/kaggle/input/datasets/arittrodhrubo/breast-lesion-main-dataset/BUSI Dataset/BUSI Dataset/Dataset_BUSI_with_GT/normal/normal (38).png,busi,2
/kaggle/input/datasets/arittrodhrubo/breast-lesion-main-dataset/BUSI Dataset/BUSI Dataset/Dataset_BUSI_with_GT/normal/normal (54).png,busi,normal,/kaggle/input/datasets/arittrodhrubo/breast-lesion-main-dataset/BUSI Dataset/BUSI Dataset/Dataset_BUSI_with_GT/normal/normal (51).png,busi,2
/kaggle/input/datasets/arittrodhrubo/breast-lesion-main-dataset/BUSI Dataset/BUSI Dataset/Dataset_BUSI_with_GT/normal/normal (56).png,busi,normal,/kaggle/input/datasets/arittrodhrubo/breast-lesion-main-dataset/BUSI Dataset/BUSI Dataset/Dataset_BUSI_with_GT/normal/normal (39).png,busi,4
/kaggle/input/datasets/arittrodhrubo/breast-lesion-main-dataset/BUSI Dataset/BUSI Dataset/Dataset_BUSI_with_GT/normal/normal (57).png,busi,normal,/kaggle/input/datasets/arittrodhrubo/breast-lesion-main-dataset/BUSI Dataset/BUSI Dataset/Dataset_BUSI_with_GT/normal/normal (55).png,busi,6
/kaggle/input/datasets/arittrodhrubo/breast-lesion-main-dataset/BUSI Dataset/BUSI Dataset/Dataset_BUSI_with_GT/normal/normal (59).png,busi,normal,/kaggle/input/datasets/arittrodhrubo/breast-lesion-main-dataset/BUSI Dataset/BUSI Dataset/Dataset_BUSI_with_GT/normal/normal (40).png,busi,2
/kaggle/input/datasets/arittrodhrubo/breast-lesion-main-dataset/BUSI Dataset/BUSI Dataset/Dataset_BUSI_with_GT/normal/normal (60).png,busi,normal,/kaggle/input/datasets/arittrodhrubo/breast-lesion-main-dataset/BUSI Dataset/BUSI Dataset/Dataset_BUSI_with_GT/normal/normal (58).png,busi,0
/kaggle/input/datasets/arittrodhrubo/breast-lesion-main-dataset/BUSI Dataset/BUSI Dataset/Dataset_BUSI_with_GT/normal/normal (61).png,busi,normal,/kaggle/input/datasets/arittrodhrubo/breast-lesion-main-dataset/BUSI Dataset/BUSI Dataset/Dataset_BUSI_with_GT/normal/normal (41).png,busi,4
/kaggle/input/datasets/arittrodhrubo/breast-lesion-main-dataset/BUSI Dataset/BUSI Dataset/Dataset_BUSI_with_GT/normal/normal (62).png,busi,normal,/kaggle/input/datasets/arittrodhrubo/breast-lesion-main-dataset/BUSI Dataset/BUSI Dataset/Dataset_BUSI_with_GT/normal/normal (42).png,busi,2
/kaggle/input/datasets/arittrodhrubo/breast-lesion-main-dataset/BUSI Dataset/BUSI Dataset/Dataset_BUSI_with_GT/normal/normal (63).png,busi,normal,/kaggle/input/datasets/arittrodhrubo/breast-lesion-main-dataset/BUSI Dataset/BUSI Dataset/Dataset_BUSI_with_GT/normal/normal (21).png,busi,2
/kaggle/input/datasets/arittrodhrubo/breast-lesion-main-dataset/BUSI Dataset/BUSI Dataset/Dataset_BUSI_with_GT/normal/normal (64).png,busi,normal,/kaggle/input/datasets/arittrodhrubo/breast-lesion-main-dataset/BUSI Dataset/BUSI Dataset/Dataset_BUSI_with_GT/normal/normal (21).png,busi,2
/kaggle/input/datasets/arittrodhrubo/breast-lesion-main-dataset/BUSI Dataset/BUSI Dataset/Dataset_BUSI_with_GT/normal/normal (67).png,busi,normal,/kaggle/input/datasets/arittrodhrubo/breast-lesion-main-dataset/BUSI Dataset/BUSI Dataset/Dataset_BUSI_with_GT/normal/normal (55).png,busi,4
/kaggle/input/datasets/arittrodhrubo/breast-lesion-main-dataset/BUSI Dataset/BUSI Dataset/Dataset_BUSI_with_GT/normal/normal (68).png,busi,normal,/kaggle/input/datasets/arittrodhrubo/breast-lesion-main-dataset/BUSI Dataset/BUSI Dataset/Dataset_BUSI_with_GT/normal/normal (55).png,busi,2
/kaggle/input/datasets/arittrodhrubo/breast-lesion-main-dataset/BUSI Dataset/BUSI Dataset/Dataset_BUSI_with_GT/normal/normal (69).png,busi,normal,/kaggle/input/datasets/arittrodhrubo/breast-lesion-main-dataset/BUSI Dataset/BUSI Dataset/Dataset_BUSI_with_GT/normal/normal (58).png,busi,2
/kaggle/input/datasets/arittrodhrubo/breast-lesion-main-dataset/BUSI Dataset/BUSI Dataset/Dataset_BUSI_with_GT/normal/normal (81).png,busi,normal,/kaggle/input/datasets/arittrodhrubo/breast-lesion-main-dataset/BUSI Dataset/BUSI Dataset/Dataset_BUSI_with_GT/normal/normal (23).png,busi,6
/kaggle/input/datasets/arittrodhrubo/breast-lesion-main-dataset/BUSI Dataset/BUSI Dataset/Dataset_BUSI_with_GT/normal/normal (98).png,busi,normal,/kaggle/input/datasets/arittrodhrubo/breast-lesion-main-dataset/BUSI Dataset/BUSI Dataset/Dataset_BUSI_with_GT/normal/normal (97).png,busi,0
/kaggle/input/datasets/arittrodhrubo/breast-lesion-main-dataset/BUS UCLM Dataset/BUS UCLM Dataset/BUS-UCLM Breast ultrasound lesion segmentation dataset/BUS-UCLM Breast ultrasound lesion segmentation dataset/BUS-UCLM/images/ALWI_004.png,uclm,benign,/kaggle/input/datasets/arittrodhrubo/breast-lesion-main-dataset/BUS UCLM Dataset/BUS UCLM Dataset/BUS-UCLM Breast ultrasound lesion segmentation dataset/BUS-UCLM Breast ultrasound lesion segmentation dataset/BUS-UCLM/images/ALWI_003.png,uclm,0
/kaggle/input/datasets/arittrodhrubo/breast-lesion-main-dataset/BUS UCLM Dataset/BUS UCLM Dataset/BUS-UCLM Breast ultrasound lesion segmentation dataset/BUS-UCLM Breast ultrasound lesion segmentation dataset/BUS-UCLM/images/CHSP_007.png,uclm,malignant,/kaggle/input/datasets/arittrodhrubo/breast-lesion-main-dataset/BUS UCLM Dataset/BUS UCLM Dataset/BUS-UCLM Breast ultrasound lesion segmentation dataset/BUS-UCLM Breast ultrasound lesion segmentation dataset/BUS-UCLM/images/CHSP_006.png,uclm,4
/kaggle/input/datasets/arittrodhrubo/breast-lesion-main-dataset/BUS UCLM Dataset/BUS UCLM Dataset/BUS-UCLM Breast ultrasound lesion segmentation dataset/BUS-UCLM Breast ultrasound lesion segmentation dataset/BUS-UCLM/images/CHVI_002.png,uclm,malignant,/kaggle/input/datasets/arittrodhrubo/breast-lesion-main-dataset/BUS UCLM Dataset/BUS UCLM Dataset/BUS-UCLM Breast ultrasound lesion segmentation dataset/BUS-UCLM Breast ultrasound lesion segmentation dataset/BUS-UCLM/images/CHVI_001.png,uclm,0
/kaggle/input/datasets/arittrodhrubo/breast-lesion-main-dataset/BUS UCLM Dataset/BUS UCLM Dataset/BUS-UCLM Breast ultrasound lesion segmentation dataset/BUS-UCLM Breast ultrasound lesion segmentation dataset/BUS-UCLM/images/CHVI_005.png,uclm,malignant,/kaggle/input/datasets/arittrodhrubo/breast-lesion-main-dataset/BUS UCLM Dataset/BUS UCLM Dataset/BUS-UCLM Breast ultrasound lesion segmentation dataset/BUS-UCLM Breast ultrasound lesion segmentation dataset/BUS-UCLM/images/CHCO_000.png,uclm,0
/kaggle/input/datasets/arittrodhrubo/breast-lesion-main-dataset/BUS UCLM Dataset/BUS UCLM Dataset/BUS-UCLM Breast ultrasound lesion segmentation dataset/BUS-UCLM Breast ultrasound lesion segmentation dataset/BUS-UCLM/images/CHVI_008.png,uclm,normal,/kaggle/input/datasets/arittrodhrubo/breast-lesion-main-dataset/BUS UCLM Dataset/BUS UCLM Dataset/BUS-UCLM Breast ultrasound lesion segmentation dataset/BUS-UCLM Breast ultrasound lesion segmentation dataset/BUS-UCLM/images/CHCO_001.png,uclm,0
/kaggle/input/datasets/arittrodhrubo/breast-lesion-main-dataset/BUS UCLM Dataset/BUS UCLM Dataset/BUS-UCLM Breast ultrasound lesion segmentation dataset/BUS-UCLM Breast ultrasound lesion segmentation dataset/BUS-UCLM/images/CHVI_009.png,uclm,normal,/kaggle/input/datasets/arittrodhrubo/breast-lesion-main-dataset/BUS UCLM Dataset/BUS UCLM Dataset/BUS-UCLM Breast ultrasound lesion segmentation dataset/BUS-UCLM Breast ultrasound lesion segmentation dataset/BUS-UCLM/images/CHCO_002.png,uclm,0
/kaggle/input/datasets/arittrodhrubo/breast-lesion-main-dataset/BUS UCLM Dataset/BUS UCLM Dataset/BUS-UCLM Breast ultrasound lesion segmentation dataset/BUS-UCLM Breast ultrasound lesion segmentation dataset/BUS-UCLM/images/CHVI_013.png,uclm,normal,/kaggle/input/datasets/arittrodhrubo/breast-lesion-main-dataset/BUS UCLM Dataset/BUS UCLM Dataset/BUS-UCLM Breast ultrasound lesion segmentation dataset/BUS-UCLM Breast ultrasound lesion segmentation dataset/BUS-UCLM/images/CHCO_003.png,uclm,0
/kaggle/input/datasets/arittrodhrubo/breast-lesion-main-dataset/BUS UCLM Dataset/BUS UCLM Dataset/BUS-UCLM Breast ultrasound lesion segmentation dataset/BUS-UCLM Breast ultrasound lesion segmentation dataset/BUS-UCLM/images/CHVI_020.png,uclm,benign,/kaggle/input/datasets/arittrodhrubo/breast-lesion-main-dataset/BUS UCLM Dataset/BUS UCLM Dataset/BUS-UCLM Breast ultrasound lesion segmentation dataset/BUS-UCLM Breast ultrasound lesion segmentation dataset/BUS-UCLM/images/CHVI_001.png,uclm,8
/kaggle/input/datasets/arittrodhrubo/breast-lesion-main-dataset/BUS UCLM Dataset/BUS UCLM Dataset/BUS-UCLM Breast ultrasound lesion segmentation dataset/BUS-UCLM Breast ultrasound lesion segmentation dataset/BUS-UCLM/images/COPE_013.png,uclm,malignant,/kaggle/input/datasets/arittrodhrubo/breast-lesion-main-dataset/BUS UCLM Dataset/BUS UCLM Dataset/BUS-UCLM Breast ultrasound lesion segmentation dataset/BUS-UCLM Breast ultrasound lesion segmentation dataset/BUS-UCLM/images/COPE_012.png,uclm,2
/kaggle/input/datasets/arittrodhrubo/breast-lesion-main-dataset/BUS UCLM Dataset/BUS UCLM Dataset/BUS-UCLM Breast ultrasound lesion segmentation dataset/BUS-UCLM Breast ultrasound lesion segmentation dataset/BUS-UCLM/images/COPE_018.png,uclm,malignant,/kaggle/input/datasets/arittrodhrubo/breast-lesion-main-dataset/BUS UCLM Dataset/BUS UCLM Dataset/BUS-UCLM Breast ultrasound lesion segmentation dataset/BUS-UCLM Breast ultrasound lesion segmentation dataset/BUS-UCLM/images/COPE_017.png,uclm,2
/kaggle/input/datasets/arittrodhrubo/breast-lesion-main-dataset/BUS UCLM Dataset/BUS UCLM Dataset/BUS-UCLM Breast ultrasound lesion segmentation dataset/BUS-UCLM Breast ultrasound lesion segmentation dataset/BUS-UCLM/images/DAPA_002.png,uclm,benign,/kaggle/input/datasets/arittrodhrubo/breast-lesion-main-dataset/BUS UCLM Dataset/BUS UCLM Dataset/BUS-UCLM Breast ultrasound lesion segmentation dataset/BUS-UCLM Breast ultrasound lesion segmentation dataset/BUS-UCLM/images/DAPA_001.png,uclm,6
/kaggle/input/datasets/arittrodhrubo/breast-lesion-main-dataset/BUS UCLM Dataset/BUS UCLM Dataset/BUS-UCLM Breast ultrasound lesion segmentation dataset/BUS-UCLM Breast ultrasound lesion segmentation dataset/BUS-UCLM/images/DAPA_014.png,uclm,benign,/kaggle/input/datasets/arittrodhrubo/breast-lesion-main-dataset/BUS UCLM Dataset/BUS UCLM Dataset/BUS-UCLM Breast ultrasound lesion segmentation dataset/BUS-UCLM Breast ultrasound lesion segmentation dataset/BUS-UCLM/images/DAPA_013.png,uclm,4
/kaggle/input/datasets/arittrodhrubo/breast-lesion-main-dataset/BUS UCLM Dataset/BUS UCLM Dataset/BUS-UCLM Breast ultrasound lesion segmentation dataset/BUS-UCLM Breast ultrasound lesion segmentation dataset/BUS-UCLM/images/DAPA_019.png,uclm,benign,/kaggle/input/datasets/arittrodhrubo/breast-lesion-main-dataset/BUS UCLM Dataset/BUS UCLM Dataset/BUS-UCLM Breast ultrasound lesion segmentation dataset/BUS-UCLM Breast ultrasound lesion segmentation dataset/BUS-UCLM/images/DAPA_017.png,uclm,8
/kaggle/input/datasets/arittrodhrubo/breast-lesion-main-dataset/BUS UCLM Dataset/BUS UCLM Dataset/BUS-UCLM Breast ultrasound lesion segmentation dataset/BUS-UCLM Breast ultrasound lesion segmentation dataset/BUS-UCLM/images/DAPA_020.png,uclm,benign,/kaggle/input/datasets/arittrodhrubo/breast-lesion-main-dataset/BUS UCLM Dataset/BUS UCLM Dataset/BUS-UCLM Breast ultrasound lesion segmentation dataset/BUS-UCLM Breast ultrasound lesion segmentation dataset/BUS-UCLM/images/DAPA_017.png,uclm,8
/kaggle/input/datasets/arittrodhrubo/breast-lesion-main-dataset/BUS UCLM Dataset/BUS UCLM Dataset/BUS-UCLM Breast ultrasound lesion segmentation dataset/BUS-UCLM Breast ultrasound lesion segmentation dataset/BUS-UCLM/images/DAPA_023.png,uclm,benign,/kaggle/input/datasets/arittrodhrubo/breast-lesion-main-dataset/BUS UCLM Dataset/BUS UCLM Dataset/BUS-UCLM Breast ultrasound lesion segmentation dataset/BUS-UCLM Breast ultrasound lesion segmentation dataset/BUS-UCLM/images/DAPA_022.png,uclm,4
/kaggle/input/datasets/arittrodhrubo/breast-lesion-main-dataset/BUS UCLM Dataset/BUS UCLM Dataset/BUS-UCLM Breast ultrasound lesion segmentation dataset/BUS-UCLM Breast ultrasound lesion segmentation dataset/BUS-UCLM/images/DAPA_032.png,uclm,benign,/kaggle/input/datasets/arittrodhrubo/breast-lesion-main-dataset/BUS UCLM Dataset/BUS UCLM Dataset/BUS-UCLM Breast ultrasound lesion segmentation dataset/BUS-UCLM Breast ultrasound lesion segmentation dataset/BUS-UCLM/images/DAPA_031.png,uclm,8
/kaggle/input/datasets/arittrodhrubo/breast-lesion-main-dataset/BUS UCLM Dataset/BUS UCLM Dataset/BUS-UCLM Breast ultrasound lesion segmentation dataset/BUS-UCLM Breast ultrasound lesion segmentation dataset/BUS-UCLM/images/DAPA_034.png,uclm,benign,/kaggle/input/datasets/arittrodhrubo/breast-lesion-main-dataset/BUS UCLM Dataset/BUS UCLM Dataset/BUS-UCLM Breast ultrasound lesion segmentation dataset/BUS-UCLM Breast ultrasound lesion segmentation dataset/BUS-UCLM/images/DAPA_029.png,uclm,0
/kaggle/input/datasets/arittrodhrubo/breast-lesion-main-dataset/BUS UCLM Dataset/BUS UCLM Dataset/BUS-UCLM Breast ultrasound lesion segmentation dataset/BUS-UCLM Breast ultrasound lesion segmentation dataset/BUS-UCLM/images/DAPA_038.png,uclm,benign,/kaggle/input/datasets/arittrodhrubo/breast-lesion-main-dataset/BUS UCLM Dataset/BUS UCLM Dataset/BUS-UCLM Breast ultrasound lesion segmentation dataset/BUS-UCLM Breast ultrasound lesion segmentation dataset/BUS-UCLM/images/DAPA_001.png,uclm,6
/kaggle/input/datasets/arittrodhrubo/breast-lesion-main-dataset/BUS UCLM Dataset/BUS UCLM Dataset/BUS-UCLM Breast ultrasound lesion segmentation dataset/BUS-UCLM Breast ultrasound lesion segmentation dataset/BUS-UCLM/images/FLBA_002.png,uclm,normal,/kaggle/input/datasets/arittrodhrubo/breast-lesion-main-dataset/BUS UCLM Dataset/BUS UCLM Dataset/BUS-UCLM Breast ultrasound lesion segmentation dataset/BUS-UCLM Breast ultrasound lesion segmentation dataset/BUS-UCLM/images/FLBA_001.png,uclm,2
/kaggle/input/datasets/arittrodhrubo/breast-lesion-main-dataset/BUS UCLM Dataset/BUS UCLM Dataset/BUS-UCLM Breast ultrasound lesion segmentation dataset/BUS-UCLM Breast ultrasound lesion segmentation dataset/BUS-UCLM/images/FLKA_004.png,uclm,malignant,/kaggle/input/datasets/arittrodhrubo/breast-lesion-main-dataset/BUS UCLM Dataset/BUS UCLM Dataset/BUS-UCLM Breast ultrasound lesion segmentation dataset/BUS-UCLM Breast ultrasound lesion segmentation dataset/BUS-UCLM/images/FLKA_003.png,uclm,8
/kaggle/input/datasets/arittrodhrubo/breast-lesion-main-dataset/BUS UCLM Dataset/BUS UCLM Dataset/BUS-UCLM Breast ultrasound lesion segmentation dataset/BUS-UCLM Breast ultrasound lesion segmentation dataset/BUS-UCLM/images/HUBL_004.png,uclm,malignant,/kaggle/input/datasets/arittrodhrubo/breast-lesion-main-dataset/BUS UCLM Dataset/BUS UCLM Dataset/BUS-UCLM Breast ultrasound lesion segmentation dataset/BUS-UCLM Breast ultrasound lesion segmentation dataset/BUS-UCLM/images/HUBL_003.png,uclm,8
/kaggle/input/datasets/arittrodhrubo/breast-lesion-main-dataset/BUS UCLM Dataset/BUS UCLM Dataset/BUS-UCLM Breast ultrasound lesion segmentation dataset/BUS-UCLM Breast ultrasound lesion segmentation dataset/BUS-UCLM/images/HUBL_006.png,uclm,malignant,/kaggle/input/datasets/arittrodhrubo/breast-lesion-main-dataset/BUS UCLM Dataset/BUS UCLM Dataset/BUS-UCLM Breast ultrasound lesion segmentation dataset/BUS-UCLM Breast ultrasound lesion segmentation dataset/BUS-UCLM/images/HUBL_003.png,uclm,8
/kaggle/input/datasets/arittrodhrubo/breast-lesion-main-dataset/BUS UCLM Dataset/BUS UCLM Dataset/BUS-UCLM Breast ultrasound lesion segmentation dataset/BUS-UCLM Breast ultrasound lesion segmentation dataset/BUS-UCLM/images/HUBL_007.png,uclm,malignant,/kaggle/input/datasets/arittrodhrubo/breast-lesion-main-dataset/BUS UCLM Dataset/BUS UCLM Dataset/BUS-UCLM Breast ultrasound lesion segmentation dataset/BUS-UCLM Breast ultrasound lesion segmentation dataset/BUS-UCLM/images/HUBL_005.png,uclm,4
/kaggle/input/datasets/arittrodhrubo/breast-lesion-main-dataset/BUS UCLM Dataset/BUS UCLM Dataset/BUS-UCLM Breast ultrasound lesion segmentation dataset/BUS-UCLM Breast ultrasound lesion segmentation dataset/BUS-UCLM/images/HUBL_019.png,uclm,malignant,/kaggle/input/datasets/arittrodhrubo/breast-lesion-main-dataset/BUS UCLM Dataset/BUS UCLM Dataset/BUS-UCLM Breast ultrasound lesion segmentation dataset/BUS-UCLM Breast ultrasound lesion segmentation dataset/BUS-UCLM/images/CHVI_012.png,uclm,8
/kaggle/input/datasets/arittrodhrubo/breast-lesion-main-dataset/BUS UCLM Dataset/BUS UCLM Dataset/BUS-UCLM Breast ultrasound lesion segmentation dataset/BUS-UCLM Breast ultrasound lesion segmentation dataset/BUS-UCLM/images/LOTI_008.png,uclm,malignant,/kaggle/input/datasets/arittrodhrubo/breast-lesion-main-dataset/BUS UCLM Dataset/BUS UCLM Dataset/BUS-UCLM Breast ultrasound lesion segmentation dataset/BUS-UCLM Breast ultrasound lesion segmentation dataset/BUS-UCLM/images/LOTI_007.png,uclm,4
/kaggle/input/datasets/arittrodhrubo/breast-lesion-main-dataset/BUS UCLM Dataset/BUS UCLM Dataset/BUS-UCLM Breast ultrasound lesion segmentation dataset/BUS-UCLM Breast ultrasound lesion segmentation dataset/BUS-UCLM/images/MENE_005.png,uclm,malignant,/kaggle/input/datasets/arittrodhrubo/breast-lesion-main-dataset/BUS UCLM Dataset/BUS UCLM Dataset/BUS-UCLM Breast ultrasound lesion segmentation dataset/BUS-UCLM Breast ultrasound lesion segmentation dataset/BUS-UCLM/images/MENE_004.png,uclm,0
/kaggle/input/datasets/arittrodhrubo/breast-lesion-main-dataset/BUS UCLM Dataset/BUS UCLM Dataset/BUS-UCLM Breast ultrasound lesion segmentation dataset/BUS-UCLM Breast ultrasound lesion segmentation dataset/BUS-UCLM/images/MENE_018.png,uclm,malignant,/kaggle/input/datasets/arittrodhrubo/breast-lesion-main-dataset/BUS UCLM Dataset/BUS UCLM Dataset/BUS-UCLM Breast ultrasound lesion segmentation dataset/BUS-UCLM Breast ultrasound lesion segmentation dataset/BUS-UCLM/images/MENE_000.png,uclm,2
/kaggle/input/datasets/arittrodhrubo/breast-lesion-main-dataset/BUS UCLM Dataset/BUS UCLM Dataset/BUS-UCLM Breast ultrasound lesion segmentation dataset/BUS-UCLM Breast ultrasound lesion segmentation dataset/BUS-UCLM/images/ORPE_020.png,uclm,benign,/kaggle/input/datasets/arittrodhrubo/breast-lesion-main-dataset/BUS UCLM Dataset/BUS UCLM Dataset/BUS-UCLM Breast ultrasound lesion segmentation dataset/BUS-UCLM Breast ultrasound lesion segmentation dataset/BUS-UCLM/images/ORPE_019.png,uclm,8
/kaggle/input/datasets/arittrodhrubo/breast-lesion-main-dataset/BUS UCLM Dataset/BUS UCLM Dataset/BUS-UCLM Breast ultrasound lesion segmentation dataset/BUS-UCLM Breast ultrasound lesion segmentation dataset/BUS-UCLM/images/ORPE_023.png,uclm,benign,/kaggle/input/datasets/arittrodhrubo/breast-lesion-main-dataset/BUS UCLM Dataset/BUS UCLM Dataset/BUS-UCLM Breast ultrasound lesion segmentation dataset/BUS-UCLM Breast ultrasound lesion segmentation dataset/BUS-UCLM/images/ORPE_022.png,uclm,6
/kaggle/input/datasets/arittrodhrubo/breast-lesion-main-dataset/BUS UCLM Dataset/BUS UCLM Dataset/BUS-UCLM Breast ultrasound lesion segmentation dataset/BUS-UCLM Breast ultrasound lesion segmentation dataset/BUS-UCLM/images/PLBA_004.png,uclm,normal,/kaggle/input/datasets/arittrodhrubo/breast-lesion-main-dataset/BUS UCLM Dataset/BUS UCLM Dataset/BUS-UCLM Breast ultrasound lesion segmentation dataset/BUS-UCLM Breast ultrasound lesion segmentation dataset/BUS-UCLM/images/CAWI_022.png,uclm,8
/kaggle/input/datasets/arittrodhrubo/breast-lesion-main-dataset/BUS UCLM Dataset/BUS UCLM Dataset/BUS-UCLM Breast ultrasound lesion segmentation dataset/BUS-UCLM Breast ultrasound lesion segmentation dataset/BUS-UCLM/images/PLBA_007.png,uclm,normal,/kaggle/input/datasets/arittrodhrubo/breast-lesion-main-dataset/BUS UCLM Dataset/BUS UCLM Dataset/BUS-UCLM Breast ultrasound lesion segmentation dataset/BUS-UCLM Breast ultrasound lesion segmentation dataset/BUS-UCLM/images/LOTI_003.png,uclm,8
/kaggle/input/datasets/arittrodhrubo/breast-lesion-main-dataset/BUS UCLM Dataset/BUS UCLM Dataset/BUS-UCLM Breast ultrasound lesion segmentation dataset/BUS-UCLM Breast ultrasound lesion segmentation dataset/BUS-UCLM/images/RARE_002.png,uclm,benign,/kaggle/input/datasets/arittrodhrubo/breast-lesion-main-dataset/BUS UCLM Dataset/BUS UCLM Dataset/BUS-UCLM Breast ultrasound lesion segmentation dataset/BUS-UCLM Breast ultrasound lesion segmentation dataset/BUS-UCLM/images/RARE_001.png,uclm,0
/kaggle/input/datasets/arittrodhrubo/breast-lesion-main-dataset/BUS UCLM Dataset/BUS UCLM Dataset/BUS-UCLM Breast ultrasound lesion segmentation dataset/BUS-UCLM Breast ultrasound lesion segmentation dataset/BUS-UCLM/images/RARE_003.png,uclm,benign,/kaggle/input/datasets/arittrodhrubo/breast-lesion-main-dataset/BUS UCLM Dataset/BUS UCLM Dataset/BUS-UCLM Breast ultrasound lesion segmentation dataset/BUS-UCLM Breast ultrasound lesion segmentation dataset/BUS-UCLM/images/RARE_001.png,uclm,6
/kaggle/input/datasets/arittrodhrubo/breast-lesion-main-dataset/BUS UCLM Dataset/BUS UCLM Dataset/BUS-UCLM Breast ultrasound lesion segmentation dataset/BUS-UCLM Breast ultrasound lesion segmentation dataset/BUS-UCLM/images/RARE_004.png,uclm,benign,/kaggle/input/datasets/arittrodhrubo/breast-lesion-main-dataset/BUS UCLM Dataset/BUS UCLM Dataset/BUS-UCLM Breast ultrasound lesion segmentation dataset/BUS-UCLM Breast ultrasound lesion segmentation dataset/BUS-UCLM/images/RARE_001.png,uclm,6
/kaggle/input/datasets/arittrodhrubo/breast-lesion-main-dataset/BUS UCLM Dataset/BUS UCLM Dataset/BUS-UCLM Breast ultrasound lesion segmentation dataset/BUS-UCLM Breast ultrasound lesion segmentation dataset/BUS-UCLM/images/SECH_009.png,uclm,benign,/kaggle/input/datasets/arittrodhrubo/breast-lesion-main-dataset/BUS UCLM Dataset/BUS UCLM Dataset/BUS-UCLM Breast ultrasound lesion segmentation dataset/BUS-UCLM Breast ultrasound lesion segmentation dataset/BUS-UCLM/images/SECH_008.png,uclm,6
/kaggle/input/datasets/arittrodhrubo/breast-lesion-main-dataset/BUS UCLM Dataset/BUS UCLM Dataset/BUS-UCLM Breast ultrasound lesion segmentation dataset/BUS-UCLM Breast ultrasound lesion segmentation dataset/BUS-UCLM/images/SIBA_002.png,uclm,malignant,/kaggle/input/datasets/arittrodhrubo/breast-lesion-main-dataset/BUS UCLM Dataset/BUS UCLM Dataset/BUS-UCLM Breast ultrasound lesion segmentation dataset/BUS-UCLM Breast ultrasound lesion segmentation dataset/BUS-UCLM/images/SIBA_000.png,uclm,8
/kaggle/input/datasets/arittrodhrubo/breast-lesion-main-dataset/BUS UCLM Dataset/BUS UCLM Dataset/BUS-UCLM Breast ultrasound lesion segmentation dataset/BUS-UCLM Breast ultrasound lesion segmentation dataset/BUS-UCLM/images/SIBA_006.png,uclm,malignant,/kaggle/input/datasets/arittrodhrubo/breast-lesion-main-dataset/BUS UCLM Dataset/BUS UCLM Dataset/BUS-UCLM Breast ultrasound lesion segmentation dataset/BUS-UCLM Breast ultrasound lesion segmentation dataset/BUS-UCLM/images/SIBA_005.png,uclm,6
/kaggle/input/datasets/arittrodhrubo/breast-lesion-main-dataset/BUS UCLM Dataset/BUS UCLM Dataset/BUS-UCLM Breast ultrasound lesion segmentation dataset/BUS-UCLM Breast ultrasound lesion segmentation dataset/BUS-UCLM/images/SIBA_008.png,uclm,malignant,/kaggle/input/datasets/arittrodhrubo/breast-lesion-main-dataset/BUS UCLM Dataset/BUS UCLM Dataset/BUS-UCLM Breast ultrasound lesion segmentation dataset/BUS-UCLM Breast ultrasound lesion segmentation dataset/BUS-UCLM/images/SIBA_007.png,uclm,0
/kaggle/input/datasets/arittrodhrubo/breast-lesion-main-dataset/BUS UCLM Dataset/BUS UCLM Dataset/BUS-UCLM Breast ultrasound lesion segmentation dataset/BUS-UCLM Breast ultrasound lesion segmentation dataset/BUS-UCLM/images/STSP_004.png,uclm,benign,/kaggle/input/datasets/arittrodhrubo/breast-lesion-main-dataset/BUS UCLM Dataset/BUS UCLM Dataset/BUS-UCLM Breast ultrasound lesion segmentation dataset/BUS-UCLM Breast ultrasound lesion segmentation dataset/BUS-UCLM/images/STSP_003.png,uclm,2
/kaggle/input/datasets/arittrodhrubo/breast-lesion-main-dataset/BUS UCLM Dataset/BUS UCLM Dataset/BUS-UCLM Breast ultrasound lesion segmentation dataset/BUS-UCLM Breast ultrasound lesion segmentation dataset/BUS-UCLM/images/STSP_019.png,uclm,benign,/kaggle/input/datasets/arittrodhrubo/breast-lesion-main-dataset/BUS UCLM Dataset/BUS UCLM Dataset/BUS-UCLM Breast ultrasound lesion segmentation dataset/BUS-UCLM Breast ultrasound lesion segmentation dataset/BUS-UCLM/images/STSP_018.png,uclm,8
/kaggle/input/datasets/arittrodhrubo/breast-lesion-main-dataset/BUS UCLM Dataset/BUS UCLM Dataset/BUS-UCLM Breast ultrasound lesion segmentation dataset/BUS-UCLM Breast ultrasound lesion segmentation dataset/BUS-UCLM/images/STSP_020.png,uclm,benign,/kaggle/input/datasets/arittrodhrubo/breast-lesion-main-dataset/BUS UCLM Dataset/BUS UCLM Dataset/BUS-UCLM Breast ultrasound lesion segmentation dataset/BUS-UCLM Breast ultrasound lesion segmentation dataset/BUS-UCLM/images/STSP_018.png,uclm,8
/kaggle/input/datasets/arittrodhrubo/breast-lesion-main-dataset/BUS UCLM Dataset/BUS UCLM Dataset/BUS-UCLM Breast ultrasound lesion segmentation dataset/BUS-UCLM Breast ultrasound lesion segmentation dataset/BUS-UCLM/images/TOCI_013.png,uclm,benign,/kaggle/input/datasets/arittrodhrubo/breast-lesion-main-dataset/BUS UCLM Dataset/BUS UCLM Dataset/BUS-UCLM Breast ultrasound lesion segmentation dataset/BUS-UCLM Breast ultrasound lesion segmentation dataset/BUS-UCLM/images/TOCI_012.png,uclm,2
/kaggle/input/datasets/arittrodhrubo/breast-lesion-main-dataset/BUS UCLM Dataset/BUS UCLM Dataset/BUS-UCLM Breast ultrasound lesion segmentation dataset/BUS-UCLM Breast ultrasound lesion segmentation dataset/BUS-UCLM/images/TOCI_021.png,uclm,benign,/kaggle/input/datasets/arittrodhrubo/breast-lesion-main-dataset/BUS UCLM Dataset/BUS UCLM Dataset/BUS-UCLM Breast ultrasound lesion segmentation dataset/BUS-UCLM Breast ultrasound lesion segmentation dataset/BUS-UCLM/images/TOCI_020.png,uclm,8
/kaggle/input/datasets/arittrodhrubo/breast-lesion-main-dataset/BUS UCLM Dataset/BUS UCLM Dataset/BUS-UCLM Breast ultrasound lesion segmentation dataset/BUS-UCLM Breast ultrasound lesion segmentation dataset/BUS-UCLM/images/UNCU_003.png,uclm,malignant,/kaggle/input/datasets/arittrodhrubo/breast-lesion-main-dataset/BUS UCLM Dataset/BUS UCLM Dataset/BUS-UCLM Breast ultrasound lesion segmentation dataset/BUS-UCLM Breast ultrasound lesion segmentation dataset/BUS-UCLM/images/UNCU_002.png,uclm,8
/kaggle/input/datasets/arittrodhrubo/breast-lesion-main-dataset/BUS UCLM Dataset/BUS UCLM Dataset/BUS-UCLM Breast ultrasound lesion segmentation dataset/BUS-UCLM Breast ultrasound lesion segmentation dataset/BUS-UCLM/images/VITR_004.png,uclm,benign,/kaggle/input/datasets/arittrodhrubo/breast-lesion-main-dataset/BUS UCLM Dataset/BUS UCLM Dataset/BUS-UCLM Breast ultrasound lesion segmentation dataset/BUS-UCLM Breast ultrasound lesion segmentation dataset/BUS-UCLM/images/VITR_003.png,uclm,2
